{
  "config": {
    "method": "igno",
    "n_obs": 100,
    "obs_sampling": "random",
    "snr_db": null,
    "batch_size": 50,
    "inversion_epochs": 500,
    "loss_weights": {
      "pde": 1.0,
      "data": 50.0
    }
  },
  "n_samples": 50,
  "u_metrics": {
    "rmse": {
      "mean": 0.044435664996271954,
      "std": 0.08557277025183826,
      "min": 0.00025471311528235674,
      "max": 0.29426538944244385
    },
    "relative_l2": {
      "mean": 0.2959893048793175,
      "std": 0.14634918649220433,
      "min": 0.141710507725187,
      "max": 0.6730650335079262
    },
    "cross_correlation": {
      "mean": 0.5604459059238434,
      "std": 0.06396317828349513,
      "min": 0.4054362177848816,
      "max": 0.6091587543487549
    }
  },
  "a_metrics": {
    "rmse": {
      "mean": 0.07635361728142015,
      "std": 0.13120888255077318,
      "min": 0.0004371561808511615,
      "max": 0.4104200303554535
    },
    "relative_l2": {
      "mean": 0.10254071172572146,
      "std": 0.19374236116362908,
      "min": 0.0004228799241661675,
      "max": 0.734040908676393
    },
    "cross_correlation": {
      "mean": 0.5641837805509567,
      "std": 0.06070785214248713,
      "min": 0.4532707631587982,
      "max": 0.6773483157157898
    }
  },
  "per_sample": [
    {
      "sample_idx": 0,
      "u_metrics": {
        "rmse": 0.0028953850269317627,
        "relative_l2": 0.5119359599150013,
        "cross_correlation": 0.5188724994659424
      },
      "a_metrics": {
        "rmse": 0.004915272817015648,
        "relative_l2": 0.009753831804985694,
        "cross_correlation": 0.5493945479393005
      }
    },
    {
      "sample_idx": 1,
      "u_metrics": {
        "rmse": 0.2794518768787384,
        "relative_l2": 0.6667293205586758,
        "cross_correlation": 0.45037218928337097
      },
      "a_metrics": {
        "rmse": 0.34299468994140625,
        "relative_l2": 0.5695854037482578,
        "cross_correlation": 0.4809125065803528
      }
    },
    {
      "sample_idx": 2,
      "u_metrics": {
        "rmse": 0.0004810646059922874,
        "relative_l2": 0.2199407502275423,
        "cross_correlation": 0.575669527053833
      },
      "a_metrics": {
        "rmse": 0.0005677194567397237,
        "relative_l2": 0.0005684813493806534,
        "cross_correlation": 0.579879105091095
      }
    },
    {
      "sample_idx": 3,
      "u_metrics": {
        "rmse": 0.001748124253936112,
        "relative_l2": 0.3826166473701581,
        "cross_correlation": 0.5287360548973083
      },
      "a_metrics": {
        "rmse": 0.0014936786610633135,
        "relative_l2": 0.002112655456023724,
        "cross_correlation": 0.5381560325622559
      }
    },
    {
      "sample_idx": 4,
      "u_metrics": {
        "rmse": 0.0004765670164488256,
        "relative_l2": 0.1594379120511366,
        "cross_correlation": 0.6054413318634033
      },
      "a_metrics": {
        "rmse": 0.0014278210001066327,
        "relative_l2": 0.0012793199512644855,
        "cross_correlation": 0.6096278429031372
      }
    },
    {
      "sample_idx": 5,
      "u_metrics": {
        "rmse": 0.0003075444546993822,
        "relative_l2": 0.16041474467417077,
        "cross_correlation": 0.596466600894928
      },
      "a_metrics": {
        "rmse": 0.0008197157294489443,
        "relative_l2": 0.0006510031040952071,
        "cross_correlation": 0.5610963106155396
      }
    },
    {
      "sample_idx": 6,
      "u_metrics": {
        "rmse": 0.0004044454253744334,
        "relative_l2": 0.20377108247758374,
        "cross_correlation": 0.5975397825241089
      },
      "a_metrics": {
        "rmse": 0.0004371561808511615,
        "relative_l2": 0.0004228799241661675,
        "cross_correlation": 0.6182302832603455
      }
    },
    {
      "sample_idx": 7,
      "u_metrics": {
        "rmse": 0.0004744201141875237,
        "relative_l2": 0.16648896676572364,
        "cross_correlation": 0.6080533266067505
      },
      "a_metrics": {
        "rmse": 0.0006473452667705715,
        "relative_l2": 0.0006068782277922306,
        "cross_correlation": 0.6632195711135864
      }
    },
    {
      "sample_idx": 8,
      "u_metrics": {
        "rmse": 0.0004968928406015038,
        "relative_l2": 0.2883126892561707,
        "cross_correlation": 0.5886253714561462
      },
      "a_metrics": {
        "rmse": 0.0007766456110402942,
        "relative_l2": 0.0009419719544260323,
        "cross_correlation": 0.5816247463226318
      }
    },
    {
      "sample_idx": 9,
      "u_metrics": {
        "rmse": 0.0003812260110862553,
        "relative_l2": 0.1569886598646605,
        "cross_correlation": 0.6042838096618652
      },
      "a_metrics": {
        "rmse": 0.0018597933230921626,
        "relative_l2": 0.0016464843243630745,
        "cross_correlation": 0.6180619597434998
      }
    },
    {
      "sample_idx": 10,
      "u_metrics": {
        "rmse": 0.09609079360961914,
        "relative_l2": 0.306808054969897,
        "cross_correlation": 0.5891392827033997
      },
      "a_metrics": {
        "rmse": 0.24135881662368774,
        "relative_l2": 0.24809237872506437,
        "cross_correlation": 0.5020940899848938
      }
    },
    {
      "sample_idx": 11,
      "u_metrics": {
        "rmse": 0.10665623098611832,
        "relative_l2": 0.30076305555526917,
        "cross_correlation": 0.5795661211013794
      },
      "a_metrics": {
        "rmse": 0.23423416912555695,
        "relative_l2": 0.23913194196832707,
        "cross_correlation": 0.509279727935791
      }
    },
    {
      "sample_idx": 12,
      "u_metrics": {
        "rmse": 0.0033143041655421257,
        "relative_l2": 0.47541432793939264,
        "cross_correlation": 0.4696119725704193
      },
      "a_metrics": {
        "rmse": 0.003359375521540642,
        "relative_l2": 0.005205595497831545,
        "cross_correlation": 0.5261076092720032
      }
    },
    {
      "sample_idx": 13,
      "u_metrics": {
        "rmse": 0.11544883251190186,
        "relative_l2": 0.3265434128690793,
        "cross_correlation": 0.5737740993499756
      },
      "a_metrics": {
        "rmse": 0.2901954650878906,
        "relative_l2": 0.31421293311441245,
        "cross_correlation": 0.49543243646621704
      }
    },
    {
      "sample_idx": 14,
      "u_metrics": {
        "rmse": 0.0010412277188152075,
        "relative_l2": 0.19731003064725336,
        "cross_correlation": 0.6024953722953796
      },
      "a_metrics": {
        "rmse": 0.0015452717198058963,
        "relative_l2": 0.0013653825003836116,
        "cross_correlation": 0.6476773619651794
      }
    },
    {
      "sample_idx": 15,
      "u_metrics": {
        "rmse": 0.2595408856868744,
        "relative_l2": 0.6597211370078557,
        "cross_correlation": 0.46942776441574097
      },
      "a_metrics": {
        "rmse": 0.30048367381095886,
        "relative_l2": 0.4694813201659677,
        "cross_correlation": 0.49187523126602173
      }
    },
    {
      "sample_idx": 16,
      "u_metrics": {
        "rmse": 0.07159082591533661,
        "relative_l2": 0.2795425999547995,
        "cross_correlation": 0.5885943174362183
      },
      "a_metrics": {
        "rmse": 0.1603263020515442,
        "relative_l2": 0.16125033233028943,
        "cross_correlation": 0.5618776082992554
      }
    },
    {
      "sample_idx": 17,
      "u_metrics": {
        "rmse": 0.003655835520476103,
        "relative_l2": 0.3549501566905417,
        "cross_correlation": 0.4242459535598755
      },
      "a_metrics": {
        "rmse": 0.001822893274948001,
        "relative_l2": 0.003141873380915404,
        "cross_correlation": 0.5179609060287476
      }
    },
    {
      "sample_idx": 18,
      "u_metrics": {
        "rmse": 0.0004601783293765038,
        "relative_l2": 0.27379289469166196,
        "cross_correlation": 0.6091587543487549
      },
      "a_metrics": {
        "rmse": 0.0015839566476643085,
        "relative_l2": 0.0019457518731771212,