{
  "config": {
    "method": "igno",
    "n_obs": 100,
    "obs_sampling": "random",
    "snr_db": null,
    "batch_size": 50,
    "inversion_epochs": 500,
    "loss_weights": {
      "pde": 1.0,
      "data": 50.0
    }
  },
  "n_samples": 50,
  "u_metrics": {
    "rmse": {
      "mean": 0.037843124475330114,
      "std": 0.0816216055448213,
      "min": 0.0002271970734000206,
      "max": 0.29002732038497925
    },
    "relative_l2": {
      "mean": 0.28733877053195905,
      "std": 0.143094132894144,
      "min": 0.1419750863750827,
      "max": 0.6786790816389675
    },
    "cross_correlation": {
      "mean": 0.5611456799507141,
      "std": 0.06346531843780956,
      "min": 0.4036060869693756,
      "max": 0.6091487407684326
    }
  },
  "a_metrics": {
    "rmse": {
      "mean": 0.06403912223759108,
      "std": 0.1202537758379127,
      "min": 0.0005883713020011783,
      "max": 0.3850903809070587
    },
    "relative_l2": {
      "mean": 0.08869517839166746,
      "std": 0.18310625350959764,
      "min": 0.0006136025637835854,
      "max": 0.6897857286759328
    },
    "cross_correlation": {
      "mean": 0.5640419721603394,
      "std": 0.061703339720395475,
      "min": 0.44576123356819153,
      "max": 0.6788609027862549
    }
  },
  "per_sample": [
    {
      "sample_idx": 0,
      "u_metrics": {
        "rmse": 0.00448017381131649,
        "relative_l2": 0.5078518586739117,
        "cross_correlation": 0.5201965570449829
      },
      "a_metrics": {
        "rmse": 0.0028638863004744053,
        "relative_l2": 0.005130995006924099,
        "cross_correlation": 0.5496803522109985
      }
    },
    {
      "sample_idx": 1,
      "u_metrics": {
        "rmse": 0.27123627066612244,
        "relative_l2": 0.6664492189058678,
        "cross_correlation": 0.45712220668792725
      },
      "a_metrics": {
        "rmse": 0.33306118845939636,
        "relative_l2": 0.5564181993988205,
        "cross_correlation": 0.4828774929046631
      }
    },
    {
      "sample_idx": 2,
      "u_metrics": {
        "rmse": 0.0003281244426034391,
        "relative_l2": 0.21981294228956288,
        "cross_correlation": 0.5755758881568909
      },
      "a_metrics": {
        "rmse": 0.0018754694610834122,
        "relative_l2": 0.0017987030036041459,
        "cross_correlation": 0.5801123380661011
      }
    },
    {
      "sample_idx": 3,
      "u_metrics": {
        "rmse": 0.0017889701994135976,
        "relative_l2": 0.3819427869554418,
        "cross_correlation": 0.5293028950691223
      },
      "a_metrics": {
        "rmse": 0.0038179776165634394,
        "relative_l2": 0.005759108402452365,
        "cross_correlation": 0.5375606417655945
      }
    },
    {
      "sample_idx": 4,
      "u_metrics": {
        "rmse": 0.0004277279949747026,
        "relative_l2": 0.15946635181805643,
        "cross_correlation": 0.6054396629333496
      },
      "a_metrics": {
        "rmse": 0.0009493013494648039,
        "relative_l2": 0.0008668408703359937,
        "cross_correlation": 0.6095796227455139
      }
    },
    {
      "sample_idx": 5,
      "u_metrics": {
        "rmse": 0.0004435107985045761,
        "relative_l2": 0.16053352600968537,
        "cross_correlation": 0.5965045690536499
      },
      "a_metrics": {
        "rmse": 0.0018422467401251197,
        "relative_l2": 0.001439158550075652,
        "cross_correlation": 0.5625705718994141
      }
    },
    {
      "sample_idx": 6,
      "u_metrics": {
        "rmse": 0.0007438651518896222,
        "relative_l2": 0.20407199538557513,
        "cross_correlation": 0.5976148843765259
      },
      "a_metrics": {
        "rmse": 0.0022162434179335833,
        "relative_l2": 0.0022315146547626495,
        "cross_correlation": 0.6188064217567444
      }
    },
    {
      "sample_idx": 7,
      "u_metrics": {
        "rmse": 0.00043623149394989014,
        "relative_l2": 0.1666423571099936,
        "cross_correlation": 0.6080054640769958
      },
      "a_metrics": {
        "rmse": 0.0016834086272865534,
        "relative_l2": 0.0015014925862974786,
        "cross_correlation": 0.663008451461792
      }
    },
    {
      "sample_idx": 8,
      "u_metrics": {
        "rmse": 0.0004964544204995036,
        "relative_l2": 0.28808405232674006,
        "cross_correlation": 0.588563084602356
      },
      "a_metrics": {
        "rmse": 0.0012902265880256891,
        "relative_l2": 0.001444797303287743,
        "cross_correlation": 0.5818195939064026
      }
    },
    {
      "sample_idx": 9,
      "u_metrics": {
        "rmse": 0.00034493865678086877,
        "relative_l2": 0.157102107083118,
        "cross_correlation": 0.604342520236969
      },
      "a_metrics": {
        "rmse": 0.0012664278037846088,
        "relative_l2": 0.0010654113200632485,
        "cross_correlation": 0.61763596534729
      }
    },
    {
      "sample_idx": 10,
      "u_metrics": {
        "rmse": 0.07924853265285492,
        "relative_l2": 0.2824444134534932,
        "cross_correlation": 0.5891218185424805
      },
      "a_metrics": {
        "rmse": 0.21025769412517548,
        "relative_l2": 0.21178006966703028,
        "cross_correlation": 0.5022496581077576
      }
    },
    {
      "sample_idx": 11,
      "u_metrics": {
        "rmse": 0.08258752524852753,
        "relative_l2": 0.27110098103580904,
        "cross_correlation": 0.5792790651321411
      },
      "a_metrics": {
        "rmse": 0.2098568230867386,
        "relative_l2": 0.2160553406432174,
        "cross_correlation": 0.4984517991542816
      }
    },
    {
      "sample_idx": 12,
      "u_metrics": {
        "rmse": 0.003505658358335495,
        "relative_l2": 0.4726297456487466,
        "cross_correlation": 0.4682949185371399
      },
      "a_metrics": {
        "rmse": 0.0029706167988479137,
        "relative_l2": 0.0051778805287860385,
        "cross_correlation": 0.5257322192192078
      }
    },
    {
      "sample_idx": 13,
      "u_metrics": {
        "rmse": 0.08378495275974274,
        "relative_l2": 0.29442723917659513,
        "cross_correlation": 0.5752400755882263
      },
      "a_metrics": {
        "rmse": 0.2487669587135315,
        "relative_l2": 0.26718749833814853,
        "cross_correlation": 0.4613838195800781
      }
    },
    {
      "sample_idx": 14,
      "u_metrics": {
        "rmse": 0.00035335266147740185,
        "relative_l2": 0.19723906092976082,
        "cross_correlation": 0.6024648547172546
      },
      "a_metrics": {
        "rmse": 0.0024658371694386005,
        "relative_l2": 0.002373460188599242,
        "cross_correlation": 0.6476180553436279
      }
    },
    {
      "sample_idx": 15,
      "u_metrics": {
        "rmse": 0.24744965136051178,
        "relative_l2": 0.6451499232096571,
        "cross_correlation": 0.47990015149116516
      },
      "a_metrics": {
        "rmse": 0.2932988703250885,
        "relative_l2": 0.4680984734809213,
        "cross_correlation": 0.4940255582332611
      }
    },
    {
      "sample_idx": 16,
      "u_metrics": {
        "rmse": 0.0003356914676260203,
        "relative_l2": 0.1868556145774411,
        "cross_correlation": 0.5888506174087524
      },
      "a_metrics": {
        "rmse": 0.0010774316033348441,
        "relative_l2": 0.0010895328167231765,
        "cross_correlation": 0.5762856602668762
      }
    },
    {
      "sample_idx": 17,
      "u_metrics": {
        "rmse": 0.00981493853032589,
        "relative_l2": 0.35259419833033423,
        "cross_correlation": 0.42251771688461304
      },
      "a_metrics": {
        "rmse": 0.004430538509041071,
        "relative_l2": 0.007957644000844692,
        "cross_correlation": 0.5172484517097473
      }
    },
    {
      "sample_idx": 18,
      "u_metrics": {
        "rmse": 0.00047424272634088993,
        "relative_l2": 0.2735500937134469,
        "cross_correlation": 0.6091487407684326
      },
      "a_metrics": {
        "rmse": 0.0016943893861025572,
        "relative_l2": 0.0018922067138746725,