{
  "config": {
    "method": "igno",
    "n_obs": 100,
    "obs_sampling": "random",
    "snr_db": null,
    "batch_size": 50,
    "inversion_epochs": 500,
    "loss_weights": {
      "pde": 1.0,
      "data": 50.0
    }
  },
  "n_samples": 50,
  "u_metrics": {
    "rmse": {
      "mean": 0.006872710514580831,
      "std": 0.02753860499564048,
      "min": 0.00024891059729270637,
      "max": 0.14373859763145447
    },
    "relative_l2": {
      "mean": 0.248626046862685,
      "std": 0.09898969894566825,
      "min": 0.14179698454581546,
      "max": 0.5078142532980725
    },
    "cross_correlation": {
      "mean": 0.561749221086502,
      "std": 0.06259016040545742,
      "min": 0.4045484960079193,
      "max": 0.6092386841773987
    }
  },
  "a_metrics": {
    "rmse": {
      "mean": 0.009687096254201605,
      "std": 0.029577853320169354,
      "min": 0.000724065292160958,
      "max": 0.17518702149391174
    },
    "relative_l2": {
      "mean": 0.015672922376796267,
      "std": 0.053479910830617525,
      "min": 0.0005303179089599768,
      "max": 0.29737742203937445
    },
    "cross_correlation": {
      "mean": 0.5763570505380631,
      "std": 0.04600039957798936,
      "min": 0.4976094663143158,
      "max": 0.6778050661087036
    }
  },
  "per_sample": [
    {
      "sample_idx": 0,
      "u_metrics": {
        "rmse": 0.0036618837621062994,
        "relative_l2": 0.5078142532980725,
        "cross_correlation": 0.5162353515625
      },
      "a_metrics": {
        "rmse": 0.003975957632064819,
        "relative_l2": 0.00516828557757855,
        "cross_correlation": 0.5478522777557373
      }
    },
    {
      "sample_idx": 1,
      "u_metrics": {
        "rmse": 0.0010281085269525647,
        "relative_l2": 0.36223868605499565,
        "cross_correlation": 0.45675891637802124
      },
      "a_metrics": {
        "rmse": 0.0022137295454740524,
        "relative_l2": 0.0035913286656945216,
        "cross_correlation": 0.5239891409873962
      }
    },
    {
      "sample_idx": 2,
      "u_metrics": {
        "rmse": 0.0003729920426849276,
        "relative_l2": 0.2200492894852003,
        "cross_correlation": 0.5755228996276855
      },
      "a_metrics": {
        "rmse": 0.0024761289823800325,
        "relative_l2": 0.002971667365171486,
        "cross_correlation": 0.5787912011146545
      }
    },
    {
      "sample_idx": 3,
      "u_metrics": {
        "rmse": 0.14373859763145447,
        "relative_l2": 0.4413725518147233,
        "cross_correlation": 0.5431273579597473
      },
      "a_metrics": {
        "rmse": 0.17518702149391174,
        "relative_l2": 0.29737742203937445,
        "cross_correlation": 0.5335997939109802
      }
    },
    {
      "sample_idx": 4,
      "u_metrics": {
        "rmse": 0.0003126101801171899,
        "relative_l2": 0.15915888781900728,
        "cross_correlation": 0.6053368449211121
      },
      "a_metrics": {
        "rmse": 0.0011720816837623715,
        "relative_l2": 0.0010329348208592693,
        "cross_correlation": 0.6087489128112793
      }
    },
    {
      "sample_idx": 5,
      "u_metrics": {
        "rmse": 0.000562129367608577,
        "relative_l2": 0.16049102480799463,
        "cross_correlation": 0.596527636051178
      },
      "a_metrics": {
        "rmse": 0.003563595935702324,
        "relative_l2": 0.003085364245409607,
        "cross_correlation": 0.5606043338775635
      }
    },
    {
      "sample_idx": 6,
      "u_metrics": {
        "rmse": 0.0005077212117612362,
        "relative_l2": 0.20404363385715685,
        "cross_correlation": 0.5975079536437988
      },
      "a_metrics": {
        "rmse": 0.0017642708262428641,
        "relative_l2": 0.0014276008579467044,
        "cross_correlation": 0.6174597144126892
      }
    },
    {
      "sample_idx": 7,
      "u_metrics": {
        "rmse": 0.0006576695595867932,
        "relative_l2": 0.16649828519030888,
        "cross_correlation": 0.6079117655754089
      },
      "a_metrics": {
        "rmse": 0.001575371832586825,
        "relative_l2": 0.0013859710046000325,
        "cross_correlation": 0.6612499356269836
      }
    },
    {
      "sample_idx": 8,
      "u_metrics": {
        "rmse": 0.0004152532492298633,
        "relative_l2": 0.28790714464388334,
        "cross_correlation": 0.588773787021637
      },
      "a_metrics": {
        "rmse": 0.001429864321835339,
        "relative_l2": 0.0012659838191539465,
        "cross_correlation": 0.5814526677131653
      }
    },
    {
      "sample_idx": 9,
      "u_metrics": {
        "rmse": 0.0003740900428965688,
        "relative_l2": 0.1567212502984284,
        "cross_correlation": 0.6042808890342712
      },
      "a_metrics": {
        "rmse": 0.0008547508623450994,
        "relative_l2": 0.0007128854941105045,
        "cross_correlation": 0.6175923347473145
      }
    },
    {
      "sample_idx": 10,
      "u_metrics": {
        "rmse": 0.00031037579174153507,
        "relative_l2": 0.18455739899398596,
        "cross_correlation": 0.5912224650382996
      },
      "a_metrics": {
        "rmse": 0.0011095153167843819,
        "relative_l2": 0.0009616261707462773,
        "cross_correlation": 0.5381067395210266
      }
    },
    {
      "sample_idx": 11,
      "u_metrics": {
        "rmse": 0.00048204956692643464,
        "relative_l2": 0.16240410944532474,
        "cross_correlation": 0.5773965120315552
      },
      "a_metrics": {
        "rmse": 0.001727640861645341,
        "relative_l2": 0.001515590548258797,
        "cross_correlation": 0.5461824536323547
      }
    },
    {
      "sample_idx": 12,
      "u_metrics": {
        "rmse": 0.009377888403832912,
        "relative_l2": 0.4668115250220704,
        "cross_correlation": 0.4672195613384247
      },
      "a_metrics": {
        "rmse": 0.014143315143883228,
        "relative_l2": 0.023442376773208297,
        "cross_correlation": 0.5232915282249451
      }
    },
    {
      "sample_idx": 13,
      "u_metrics": {
        "rmse": 0.0003971639380324632,
        "relative_l2": 0.1742928218926549,
        "cross_correlation": 0.5703274607658386
      },
      "a_metrics": {
        "rmse": 0.0031959018670022488,
        "relative_l2": 0.0027111138558404855,
        "cross_correlation": 0.5184822082519531
      }
    },
    {
      "sample_idx": 14,
      "u_metrics": {
        "rmse": 0.00033504702150821686,
        "relative_l2": 0.19745321916142264,
        "cross_correlation": 0.6024304628372192
      },
      "a_metrics": {
        "rmse": 0.0020031759049743414,
        "relative_l2": 0.0019611441571132245,
        "cross_correlation": 0.6479851007461548
      }
    },
    {
      "sample_idx": 15,
      "u_metrics": {
        "rmse": 0.00145305460318923,
        "relative_l2": 0.40300157434025013,
        "cross_correlation": 0.48259249329566956
      },
      "a_metrics": {
        "rmse": 0.0018349268939346075,
        "relative_l2": 0.0024985546089528695,
        "cross_correlation": 0.5154832005500793
      }
    },
    {
      "sample_idx": 16,
      "u_metrics": {
        "rmse": 0.00041700078872963786,
        "relative_l2": 0.18720687954417486,
        "cross_correlation": 0.5888718962669373
      },
      "a_metrics": {
        "rmse": 0.0015951695386320353,
        "relative_l2": 0.001534268092160698,
        "cross_correlation": 0.5765545964241028
      }
    },
    {
      "sample_idx": 17,
      "u_metrics": {
        "rmse": 0.13843388855457306,
        "relative_l2": 0.48642531911043163,
        "cross_correlation": 0.4722714424133301
      },
      "a_metrics": {
        "rmse": 0.1119525358080864,
        "relative_l2": 0.24219839842851007,
        "cross_correlation": 0.5272913575172424
      }
    },
    {
      "sample_idx": 18,
      "u_metrics": {
        "rmse": 0.00031302261049859226,
        "relative_l2": 0.2729610650915173,
        "cross_correlation": 0.6092386841773987
      },
      "a_metrics": {
        "rmse": 0.001332753454335034,