{
  "config": {
    "method": "igno",
    "n_obs": 100,
    "obs_sampling": "random",
    "snr_db": null,
    "batch_size": 50,
    "inversion_epochs": 500,
    "loss_weights": {
      "pde": 1.0,
      "data": 50.0
    }
  },
  "n_samples": 50,
  "u_metrics": {
    "rmse": {
      "mean": 0.008682816625223496,
      "std": 0.01704731146538448,
      "min": 0.00019593408796936274,
      "max": 0.07136077433824539
    },
    "relative_l2": {
      "mean": 0.2525678595307316,
      "std": 0.09103172349529173,
      "min": 0.14270940472576535,
      "max": 0.5104638523759495
    },
    "cross_correlation": {
      "mean": 0.5621159410476685,
      "std": 0.062480068310322226,
      "min": 0.40284302830696106,
      "max": 0.6088842153549194
    }
  },
  "a_metrics": {
    "rmse": {
      "mean": 0.028153974902816115,
      "std": 0.054160108422801286,
      "min": 0.001021579490043223,
      "max": 0.20031817257404327
    },
    "relative_l2": {
      "mean": 0.028960054796774038,
      "std": 0.056094939917533886,
      "min": 0.001102211265817008,
      "max": 0.2173313686288128
    },
    "cross_correlation": {
      "mean": 0.5735475981235504,
      "std": 0.05020706008632152,
      "min": 0.47638243436813354,
      "max": 0.672762393951416
    }
  },
  "per_sample": [
    {
      "sample_idx": 0,
      "u_metrics": {
        "rmse": 0.005706488154828548,
        "relative_l2": 0.5104638523759495,
        "cross_correlation": 0.5230842232704163
      },
      "a_metrics": {
        "rmse": 0.004261798225343227,
        "relative_l2": 0.006913443530177139,
        "cross_correlation": 0.5491719245910645
      }
    },
    {
      "sample_idx": 1,
      "u_metrics": {
        "rmse": 0.04591576009988785,
        "relative_l2": 0.34330838706382444,
        "cross_correlation": 0.46383652091026306
      },
      "a_metrics": {
        "rmse": 0.10354722291231155,
        "relative_l2": 0.12664842597094494,
        "cross_correlation": 0.5184574723243713
      }
    },
    {
      "sample_idx": 2,
      "u_metrics": {
        "rmse": 0.0004887103568762541,
        "relative_l2": 0.21982853291145013,
        "cross_correlation": 0.5756068229675293
      },
      "a_metrics": {
        "rmse": 0.002485527191311121,
        "relative_l2": 0.002523337515468002,
        "cross_correlation": 0.577574610710144
      }
    },
    {
      "sample_idx": 3,
      "u_metrics": {
        "rmse": 0.0013186755822971463,
        "relative_l2": 0.3805002153304591,
        "cross_correlation": 0.5289409756660461
      },
      "a_metrics": {
        "rmse": 0.0020586499013006687,
        "relative_l2": 0.0035147125911070987,
        "cross_correlation": 0.5383250117301941
      }
    },
    {
      "sample_idx": 4,
      "u_metrics": {
        "rmse": 0.0005191653617657721,
        "relative_l2": 0.15945920692491522,
        "cross_correlation": 0.6052672863006592
      },
      "a_metrics": {
        "rmse": 0.002971360459923744,
        "relative_l2": 0.0025751129484629163,
        "cross_correlation": 0.6135253310203552
      }
    },
    {
      "sample_idx": 5,
      "u_metrics": {
        "rmse": 0.0005283284699544311,
        "relative_l2": 0.16051692373007623,
        "cross_correlation": 0.5964391231536865
      },
      "a_metrics": {
        "rmse": 0.004296514671295881,
        "relative_l2": 0.0036200835176531587,
        "cross_correlation": 0.5644395351409912
      }
    },
    {
      "sample_idx": 6,
      "u_metrics": {
        "rmse": 0.000496983528137207,
        "relative_l2": 0.20409899981328336,
        "cross_correlation": 0.5975959300994873
      },
      "a_metrics": {
        "rmse": 0.0036222534254193306,
        "relative_l2": 0.003527100329307435,
        "cross_correlation": 0.6195774674415588
      }
    },
    {
      "sample_idx": 7,
      "u_metrics": {
        "rmse": 0.0004882877110503614,
        "relative_l2": 0.1664065059624183,
        "cross_correlation": 0.6078394055366516
      },
      "a_metrics": {
        "rmse": 0.004046171437948942,
        "relative_l2": 0.0036862896615512623,
        "cross_correlation": 0.6633737683296204
      }
    },
    {
      "sample_idx": 8,
      "u_metrics": {
        "rmse": 0.00033378705848008394,
        "relative_l2": 0.2881149039895158,
        "cross_correlation": 0.5885739922523499
      },
      "a_metrics": {
        "rmse": 0.001021579490043223,
        "relative_l2": 0.0012480479388192254,
        "cross_correlation": 0.5815842151641846
      }
    },
    {
      "sample_idx": 9,
      "u_metrics": {
        "rmse": 0.00042946802568621933,
        "relative_l2": 0.15702027463796436,
        "cross_correlation": 0.6041666865348816
      },
      "a_metrics": {
        "rmse": 0.0027505625039339066,
        "relative_l2": 0.0023001947988286085,
        "cross_correlation": 0.6211991310119629
      }
    },
    {
      "sample_idx": 10,
      "u_metrics": {
        "rmse": 0.04307754337787628,
        "relative_l2": 0.25076700825686776,
        "cross_correlation": 0.5912370085716248
      },
      "a_metrics": {
        "rmse": 0.16183486580848694,
        "relative_l2": 0.153275221294254,
        "cross_correlation": 0.5082473754882812
      }
    },
    {
      "sample_idx": 11,
      "u_metrics": {
        "rmse": 0.02610073611140251,
        "relative_l2": 0.20123023356724254,
        "cross_correlation": 0.5809090733528137
      },
      "a_metrics": {
        "rmse": 0.07998211681842804,
        "relative_l2": 0.0746093734787799,
        "cross_correlation": 0.5453852415084839
      }
    },
    {
      "sample_idx": 12,
      "u_metrics": {
        "rmse": 0.002484213560819626,
        "relative_l2": 0.47515540625757907,
        "cross_correlation": 0.4678969383239746
      },
      "a_metrics": {
        "rmse": 0.005299977958202362,
        "relative_l2": 0.005165125195821975,
        "cross_correlation": 0.5252882242202759
      }
    },
    {
      "sample_idx": 13,
      "u_metrics": {
        "rmse": 0.014457929879426956,
        "relative_l2": 0.19423541127158886,
        "cross_correlation": 0.5744001269340515
      },
      "a_metrics": {
        "rmse": 0.057041235268116,
        "relative_l2": 0.060332708706305936,
        "cross_correlation": 0.5294280648231506
      }
    },
    {
      "sample_idx": 14,
      "u_metrics": {
        "rmse": 0.00037902683834545314,
        "relative_l2": 0.19739835391729724,
        "cross_correlation": 0.6024563908576965
      },
      "a_metrics": {
        "rmse": 0.006152288988232613,
        "relative_l2": 0.0049675267427362405,
        "cross_correlation": 0.6443615555763245
      }
    },
    {
      "sample_idx": 15,
      "u_metrics": {
        "rmse": 0.002406895160675049,
        "relative_l2": 0.39999409003262226,
        "cross_correlation": 0.4827331602573395
      },
      "a_metrics": {
        "rmse": 0.003920131362974644,
        "relative_l2": 0.005153186045151375,
        "cross_correlation": 0.5148944854736328
      }
    },
    {
      "sample_idx": 16,
      "u_metrics": {
        "rmse": 0.01908622682094574,
        "relative_l2": 0.21161662585104352,
        "cross_correlation": 0.5897272229194641
      },
      "a_metrics": {
        "rmse": 0.07207277417182922,
        "relative_l2": 0.07186994804798831,
        "cross_correlation": 0.575307309627533
      }
    },
    {
      "sample_idx": 17,
      "u_metrics": {
        "rmse": 0.006399269215762615,
        "relative_l2": 0.35375478028046964,
        "cross_correlation": 0.4240320026874542
      },
      "a_metrics": {
        "rmse": 0.004343619104474783,
        "relative_l2": 0.007076443564842704,
        "cross_correlation": 0.5173251628875732
      }
    },
    {
      "sample_idx": 18,
      "u_metrics": {
        "rmse": 0.00036953744711354375,
        "relative_l2": 0.27333147785067413,
        "cross_correlation": 0.6088842153549194
      },
      "a_metrics": {
        "rmse": 0.0021517581772059202,