{
  "config": {
    "method": "igno",
    "n_obs": 100,
    "obs_sampling": "random",
    "snr_db": null,
    "batch_size": 50,
    "inversion_epochs": 500,
    "loss_weights": {
      "pde": 1.0,
      "data": 50.0
    }
  },
  "n_samples": 50,
  "u_metrics": {
    "rmse": {
      "mean": 0.018850582907907663,
      "std": 0.031358067407037726,
      "min": 0.0006404413725249469,
      "max": 0.19103635847568512
    },
    "relative_l2": {
      "mean": 0.25907031655311585,
      "std": 0.08836680174025954,
      "min": 0.14300157129764557,
      "max": 0.48937276005744934
    },
    "cross_correlation": {
      "mean": 0.5617398786544799,
      "std": 0.06045200060098385,
      "min": 0.4059717357158661,
      "max": 0.6081826090812683
    }
  },
  "a_metrics": {
    "rmse": {
      "mean": 0.08776202553650364,
      "std": 0.10671902041978489,
      "min": 0.0019160568481311202,
      "max": 0.348128080368042
    },
    "relative_l2": {
      "mean": 0.08628414656966925,
      "std": 0.10319237797210794,
      "min": 0.0018251766450703144,
      "max": 0.33524248003959656
    },
    "cross_correlation": {
      "mean": 0.547505013346672,
      "std": 0.06261378021640442,
      "min": 0.3222939372062683,
      "max": 0.6796096563339233
    }
  },
  "per_sample": [
    {
      "sample_idx": 0,
      "u_metrics": {
        "rmse": 0.025946730747818947,
        "relative_l2": 0.48937276005744934,
        "cross_correlation": 0.5231817364692688
      },
      "a_metrics": {
        "rmse": 0.013987379148602486,
        "relative_l2": 0.0221937857568264,
        "cross_correlation": 0.546906590461731
      }
    },
    {
      "sample_idx": 1,
      "u_metrics": {
        "rmse": 0.008207883685827255,
        "relative_l2": 0.35510921478271484,
        "cross_correlation": 0.45404359698295593
      },
      "a_metrics": {
        "rmse": 0.007924656383693218,
        "relative_l2": 0.010273240506649017,
        "cross_correlation": 0.5245134830474854
      }
    },
    {
      "sample_idx": 2,
      "u_metrics": {
        "rmse": 0.0007590456516481936,
        "relative_l2": 0.22073714435100555,
        "cross_correlation": 0.5756455659866333
      },
      "a_metrics": {
        "rmse": 0.006011572200804949,
        "relative_l2": 0.005753141827881336,
        "cross_correlation": 0.5765279531478882
      }
    },
    {
      "sample_idx": 3,
      "u_metrics": {
        "rmse": 0.005104296840727329,
        "relative_l2": 0.3746550381183624,
        "cross_correlation": 0.5278283953666687
      },
      "a_metrics": {
        "rmse": 0.030060498043894768,
        "relative_l2": 0.035914596170186996,
        "cross_correlation": 0.5336960554122925
      }
    },
    {
      "sample_idx": 4,
      "u_metrics": {
        "rmse": 0.19103635847568512,
        "relative_l2": 0.39795079827308655,
        "cross_correlation": 0.5974501967430115
      },
      "a_metrics": {
        "rmse": 0.348128080368042,
        "relative_l2": 0.33524248003959656,
        "cross_correlation": 0.518827497959137
      }
    },
    {
      "sample_idx": 5,
      "u_metrics": {
        "rmse": 0.030856767669320107,
        "relative_l2": 0.18930622935295105,
        "cross_correlation": 0.5982847213745117
      },
      "a_metrics": {
        "rmse": 0.29654476046562195,
        "relative_l2": 0.251392126083374,
        "cross_correlation": 0.3222939372062683
      }
    },
    {
      "sample_idx": 6,
      "u_metrics": {
        "rmse": 0.0009163054055534303,
        "relative_l2": 0.20427453517913818,
        "cross_correlation": 0.5976921319961548
      },
      "a_metrics": {
        "rmse": 0.004087029956281185,
        "relative_l2": 0.004213642794638872,
        "cross_correlation": 0.6202014684677124
      }
    },
    {
      "sample_idx": 7,
      "u_metrics": {
        "rmse": 0.021998506039381027,
        "relative_l2": 0.1799066960811615,
        "cross_correlation": 0.6011695861816406
      },
      "a_metrics": {
        "rmse": 0.3338260054588318,
        "relative_l2": 0.2906053066253662,
        "cross_correlation": 0.42551544308662415
      }
    },
    {
      "sample_idx": 8,
      "u_metrics": {
        "rmse": 0.0009469949291087687,
        "relative_l2": 0.2881277799606323,
        "cross_correlation": 0.588784396648407
      },
      "a_metrics": {
        "rmse": 0.004170889500528574,
        "relative_l2": 0.005045327357947826,
        "cross_correlation": 0.58135986328125
      }
    },
    {
      "sample_idx": 9,
      "u_metrics": {
        "rmse": 0.01876138150691986,
        "relative_l2": 0.17472858726978302,
        "cross_correlation": 0.6001487970352173
      },
      "a_metrics": {
        "rmse": 0.31115397810935974,
        "relative_l2": 0.26963379979133606,
        "cross_correlation": 0.43008843064308167
      }
    },
    {
      "sample_idx": 10,
      "u_metrics": {
        "rmse": 0.0009526180219836533,
        "relative_l2": 0.18581810593605042,
        "cross_correlation": 0.5911041498184204
      },
      "a_metrics": {
        "rmse": 0.004513278137892485,
        "relative_l2": 0.004452165681868792,
        "cross_correlation": 0.5373752117156982
      }
    },
    {
      "sample_idx": 11,
      "u_metrics": {
        "rmse": 0.024935634806752205,
        "relative_l2": 0.20067815482616425,
        "cross_correlation": 0.5772321820259094
      },
      "a_metrics": {
        "rmse": 0.0911184772849083,
        "relative_l2": 0.0805276483297348,
        "cross_correlation": 0.540785551071167
      }
    },
    {
      "sample_idx": 12,
      "u_metrics": {
        "rmse": 0.008738379925489426,
        "relative_l2": 0.47251906991004944,
        "cross_correlation": 0.4671555161476135
      },
      "a_metrics": {
        "rmse": 0.006791440770030022,
        "relative_l2": 0.009336447343230247,
        "cross_correlation": 0.5257101058959961
      }
    },
    {
      "sample_idx": 13,
      "u_metrics": {
        "rmse": 0.009978610090911388,
        "relative_l2": 0.19392026960849762,
        "cross_correlation": 0.5695624947547913
      },
      "a_metrics": {
        "rmse": 0.055331096053123474,
        "relative_l2": 0.05520286783576012,
        "cross_correlation": 0.5282742381095886
      }
    },
    {
      "sample_idx": 14,
      "u_metrics": {
        "rmse": 0.021795500069856644,
        "relative_l2": 0.21852466464042664,
        "cross_correlation": 0.6044304370880127
      },
      "a_metrics": {
        "rmse": 0.21686962246894836,
        "relative_l2": 0.18474645912647247,
        "cross_correlation": 0.5152286887168884
      }
    },
    {
      "sample_idx": 15,
      "u_metrics": {
        "rmse": 0.061648495495319366,
        "relative_l2": 0.3761817216873169,
        "cross_correlation": 0.5015032887458801
      },
      "a_metrics": {
        "rmse": 0.1284150779247284,
        "relative_l2": 0.19096361100673676,
        "cross_correlation": 0.5174517035484314
      }
    },
    {
      "sample_idx": 16,
      "u_metrics": {
        "rmse": 0.0007853938732296228,
        "relative_l2": 0.1874823123216629,
        "cross_correlation": 0.5889750123023987
      },
      "a_metrics": {
        "rmse": 0.0029997362289577723,
        "relative_l2": 0.0027977030258625746,
        "cross_correlation": 0.5774631500244141
      }
    },
    {
      "sample_idx": 17,
      "u_metrics": {
        "rmse": 0.010423614643514156,
        "relative_l2": 0.35721132159233093,
        "cross_correlation": 0.4238206744194031
      },
      "a_metrics": {
        "rmse": 0.015467753633856773,
        "relative_l2": 0.01807648502290249,
        "cross_correlation": 0.5196422338485718
      }
    },
    {
      "sample_idx": 18,
      "u_metrics": {
        "rmse": 0.002353255171328783,
        "relative_l2": 0.2764033079147339,
        "cross_correlation": 0.6081826090812683
      },
      "a_metrics": {
        "rmse": 0.018102437257766724,
        "relative_l2": 0.01532663032412529,