{
  "config": {
    "method": "igno",
    "n_obs": 100,
    "obs_sampling": "random",
    "snr_db": null,
    "batch_size": 50,
    "inversion_epochs": 500,
    "loss_weights": {
      "pde": 1.0,
      "data": 50.0
    }
  },
  "n_samples": 50,
  "u_metrics": {
    "rmse": {
      "mean": 0.017328655713936315,
      "std": 0.025266162191381544,
      "min": 0.0005306224920786917,
      "max": 0.11859989911317825
    },
    "relative_l2": {
      "mean": 0.2557074242830277,
      "std": 0.0858154189023068,
      "min": 0.14204531908035278,
      "max": 0.4852554202079773
    },
    "cross_correlation": {
      "mean": 0.56097341299057,
      "std": 0.06369406985349381,
      "min": 0.4072672426700592,
      "max": 0.6138192415237427
    }
  },
  "a_metrics": {
    "rmse": {
      "mean": 0.07003584034973756,
      "std": 0.091805109479931,
      "min": 0.0014708914095535874,
      "max": 0.2778822183609009
    },
    "relative_l2": {
      "mean": 0.06835623922990636,
      "std": 0.09360244257646946,
      "min": 0.001256741350516677,
      "max": 0.3744108974933624
    },
    "cross_correlation": {
      "mean": 0.5522266680002212,
      "std": 0.04848537401639846,
      "min": 0.4452124238014221,
      "max": 0.6437670588493347
    }
  },
  "per_sample": [
    {
      "sample_idx": 0,
      "u_metrics": {
        "rmse": 0.02305997908115387,
        "relative_l2": 0.4852554202079773,
        "cross_correlation": 0.5199192762374878
      },
      "a_metrics": {
        "rmse": 0.008569774217903614,
        "relative_l2": 0.017655115574598312,
        "cross_correlation": 0.5486442446708679
      }
    },
    {
      "sample_idx": 1,
      "u_metrics": {
        "rmse": 0.08096055686473846,
        "relative_l2": 0.37564152479171753,
        "cross_correlation": 0.46614763140678406
      },
      "a_metrics": {
        "rmse": 0.2066492736339569,
        "relative_l2": 0.3165086805820465,
        "cross_correlation": 0.4918711483478546
      }
    },
    {
      "sample_idx": 2,
      "u_metrics": {
        "rmse": 0.001401041285134852,
        "relative_l2": 0.22067077457904816,
        "cross_correlation": 0.5759110450744629
      },
      "a_metrics": {
        "rmse": 0.0029093849007040262,
        "relative_l2": 0.0029347138479351997,
        "cross_correlation": 0.5825260281562805
      }
    },
    {
      "sample_idx": 3,
      "u_metrics": {
        "rmse": 0.0030417798552662134,
        "relative_l2": 0.37633514404296875,
        "cross_correlation": 0.5290310382843018
      },
      "a_metrics": {
        "rmse": 0.014374254271388054,
        "relative_l2": 0.01799868419766426,
        "cross_correlation": 0.5389323830604553
      }
    },
    {
      "sample_idx": 4,
      "u_metrics": {
        "rmse": 0.026249419897794724,
        "relative_l2": 0.18382754921913147,
        "cross_correlation": 0.6138192415237427
      },
      "a_metrics": {
        "rmse": 0.2778822183609009,
        "relative_l2": 0.25675728917121887,
        "cross_correlation": 0.4932517111301422
      }
    },
    {
      "sample_idx": 5,
      "u_metrics": {
        "rmse": 0.0020789620466530323,
        "relative_l2": 0.1635219305753708,
        "cross_correlation": 0.5967417359352112
      },
      "a_metrics": {
        "rmse": 0.01803254522383213,
        "relative_l2": 0.014867317862808704,
        "cross_correlation": 0.5582360625267029
      }
    },
    {
      "sample_idx": 6,
      "u_metrics": {
        "rmse": 0.005327807739377022,
        "relative_l2": 0.20665353536605835,
        "cross_correlation": 0.598650336265564
      },
      "a_metrics": {
        "rmse": 0.04430079087615013,
        "relative_l2": 0.03791110962629318,
        "cross_correlation": 0.6144760251045227
      }
    },
    {
      "sample_idx": 7,
      "u_metrics": {
        "rmse": 0.007451090961694717,
        "relative_l2": 0.16895008087158203,
        "cross_correlation": 0.6052554249763489
      },
      "a_metrics": {
        "rmse": 0.22819843888282776,
        "relative_l2": 0.19125762581825256,
        "cross_correlation": 0.4452124238014221
      }
    },
    {
      "sample_idx": 8,
      "u_metrics": {
        "rmse": 0.0011278107995167375,
        "relative_l2": 0.2881864309310913,
        "cross_correlation": 0.5886669158935547
      },
      "a_metrics": {
        "rmse": 0.0024349612649530172,
        "relative_l2": 0.0026094485074281693,
        "cross_correlation": 0.5818454623222351
      }
    },
    {
      "sample_idx": 9,
      "u_metrics": {
        "rmse": 0.06424592435359955,
        "relative_l2": 0.19678479433059692,
        "cross_correlation": 0.5963677167892456
      },
      "a_metrics": {
        "rmse": 0.24832592904567719,
        "relative_l2": 0.21551711857318878,
        "cross_correlation": 0.45753487944602966
      }
    },
    {
      "sample_idx": 10,
      "u_metrics": {
        "rmse": 0.0006706733256578445,
        "relative_l2": 0.18442192673683167,
        "cross_correlation": 0.5909632444381714
      },
      "a_metrics": {
        "rmse": 0.0033713949378579855,
        "relative_l2": 0.0026418331544846296,
        "cross_correlation": 0.5387400388717651
      }
    },
    {
      "sample_idx": 11,
      "u_metrics": {
        "rmse": 0.04918249323964119,
        "relative_l2": 0.22296170890331268,
        "cross_correlation": 0.5817891955375671
      },
      "a_metrics": {
        "rmse": 0.13150715827941895,
        "relative_l2": 0.11569100618362427,
        "cross_correlation": 0.5160746574401855
      }
    },
    {
      "sample_idx": 12,
      "u_metrics": {
        "rmse": 0.007460850290954113,
        "relative_l2": 0.4730256199836731,
        "cross_correlation": 0.4670354127883911
      },
      "a_metrics": {
        "rmse": 0.003707209136337042,
        "relative_l2": 0.005588033702224493,
        "cross_correlation": 0.5262082815170288
      }
    },
    {
      "sample_idx": 13,
      "u_metrics": {
        "rmse": 0.03753912076354027,
        "relative_l2": 0.2323322296142578,
        "cross_correlation": 0.5704590678215027
      },
      "a_metrics": {
        "rmse": 0.11160172522068024,
        "relative_l2": 0.10383273661136627,
        "cross_correlation": 0.5198363661766052
      }
    },
    {
      "sample_idx": 14,
      "u_metrics": {
        "rmse": 0.0714321881532669,
        "relative_l2": 0.25586315989494324,
        "cross_correlation": 0.5962004661560059
      },
      "a_metrics": {
        "rmse": 0.25474631786346436,
        "relative_l2": 0.22107136249542236,
        "cross_correlation": 0.4814089834690094
      }
    },
    {
      "sample_idx": 15,
      "u_metrics": {
        "rmse": 0.006204934325069189,
        "relative_l2": 0.3967280685901642,
        "cross_correlation": 0.4805689752101898
      },
      "a_metrics": {
        "rmse": 0.009941290132701397,
        "relative_l2": 0.009397798217833042,
        "cross_correlation": 0.515041708946228
      }
    },
    {
      "sample_idx": 16,
      "u_metrics": {
        "rmse": 0.0013984842225909233,
        "relative_l2": 0.18745413422584534,
        "cross_correlation": 0.5895237922668457
      },
      "a_metrics": {
        "rmse": 0.007435649633407593,
        "relative_l2": 0.006665447261184454,
        "cross_correlation": 0.5744805932044983
      }
    },
    {
      "sample_idx": 17,
      "u_metrics": {
        "rmse": 0.008081004023551941,
        "relative_l2": 0.35631442070007324,
        "cross_correlation": 0.4238438606262207
      },
      "a_metrics": {
        "rmse": 0.006280479021370411,
        "relative_l2": 0.009771962650120258,
        "cross_correlation": 0.5173892378807068
      }
    },
    {
      "sample_idx": 18,
      "u_metrics": {
        "rmse": 0.001487922272644937,
        "relative_l2": 0.2736426591873169,
        "cross_correlation": 0.6090734601020813
      },
      "a_metrics": {
        "rmse": 0.008584591560065746,
        "relative_l2": 0.008923524990677834,