{
  "config": {
    "method": "igno",
    "n_obs": 100,
    "obs_sampling": "random",
    "snr_db": null,
    "batch_size": 50,
    "inversion_epochs": 500,
    "loss_weights": {
      "pde": 1.0,
      "data": 50.0
    }
  },
  "n_samples": 50,
  "u_metrics": {
    "rmse": {
      "mean": 0.023178881981875746,
      "std": 0.037900274268209605,
      "min": 0.0007027855608612299,
      "max": 0.17938797175884247
    },
    "relative_l2": {
      "mean": 0.26312910199165346,
      "std": 0.08879212664493498,
      "min": 0.14212656021118164,
      "max": 0.49334022402763367
    },
    "cross_correlation": {
      "mean": 0.5603948891162872,
      "std": 0.0631818140114385,
      "min": 0.40844592452049255,
      "max": 0.6098074316978455
    }
  },
  "a_metrics": {
    "rmse": {
      "mean": 0.07555271901655942,
      "std": 0.09640633762199106,
      "min": 0.0020262515172362328,
      "max": 0.2891184687614441
    },
    "relative_l2": {
      "mean": 0.07696187117835507,
      "std": 0.10463806768903157,
      "min": 0.0018447170732542872,
      "max": 0.45257750153541565
    },
    "cross_correlation": {
      "mean": 0.5554224246740341,
      "std": 0.05109859725722112,
      "min": 0.4489865005016327,
      "max": 0.6515035033226013
    }
  },
  "per_sample": [
    {
      "sample_idx": 0,
      "u_metrics": {
        "rmse": 0.027036132290959358,
        "relative_l2": 0.49334022402763367,
        "cross_correlation": 0.5243734121322632
      },
      "a_metrics": {
        "rmse": 0.014249731786549091,
        "relative_l2": 0.025687184184789658,
        "cross_correlation": 0.5489893555641174
      }
    },
    {
      "sample_idx": 1,
      "u_metrics": {
        "rmse": 0.008113095536828041,
        "relative_l2": 0.36235111951828003,
        "cross_correlation": 0.4549694061279297
      },
      "a_metrics": {
        "rmse": 0.024981657043099403,
        "relative_l2": 0.02202937752008438,
        "cross_correlation": 0.5270547866821289
      }
    },
    {
      "sample_idx": 2,
      "u_metrics": {
        "rmse": 0.0019082908984273672,
        "relative_l2": 0.220210999250412,
        "cross_correlation": 0.5761644840240479
      },
      "a_metrics": {
        "rmse": 0.018843719735741615,
        "relative_l2": 0.02141297422349453,
        "cross_correlation": 0.5847684741020203
      }
    },
    {
      "sample_idx": 3,
      "u_metrics": {
        "rmse": 0.15931741893291473,
        "relative_l2": 0.4316451847553253,
        "cross_correlation": 0.537879467010498
      },
      "a_metrics": {
        "rmse": 0.20397965610027313,
        "relative_l2": 0.36733537912368774,
        "cross_correlation": 0.5188502669334412
      }
    },
    {
      "sample_idx": 4,
      "u_metrics": {
        "rmse": 0.0007414249121211469,
        "relative_l2": 0.15960630774497986,
        "cross_correlation": 0.6051108837127686
      },
      "a_metrics": {
        "rmse": 0.00270467228256166,
        "relative_l2": 0.002186013385653496,
        "cross_correlation": 0.6078909039497375
      }
    },
    {
      "sample_idx": 5,
      "u_metrics": {
        "rmse": 0.03710022196173668,
        "relative_l2": 0.19661404192447662,
        "cross_correlation": 0.6001688838005066
      },
      "a_metrics": {
        "rmse": 0.13475558161735535,
        "relative_l2": 0.11450199782848358,
        "cross_correlation": 0.5209196209907532
      }
    },
    {
      "sample_idx": 6,
      "u_metrics": {
        "rmse": 0.0007247990579344332,
        "relative_l2": 0.20429958403110504,
        "cross_correlation": 0.59749835729599
      },
      "a_metrics": {
        "rmse": 0.0020262515172362328,
        "relative_l2": 0.0018447170732542872,
        "cross_correlation": 0.6166369915008545
      }
    },
    {
      "sample_idx": 7,
      "u_metrics": {
        "rmse": 0.1010163351893425,
        "relative_l2": 0.23836413025856018,
        "cross_correlation": 0.5909065008163452
      },
      "a_metrics": {
        "rmse": 0.2697499096393585,
        "relative_l2": 0.2219107449054718,
        "cross_correlation": 0.4820765256881714
      }
    },
    {
      "sample_idx": 8,
      "u_metrics": {
        "rmse": 0.015462873503565788,
        "relative_l2": 0.30735519528388977,
        "cross_correlation": 0.5880022644996643
      },
      "a_metrics": {
        "rmse": 0.12092225253582001,
        "relative_l2": 0.11270107328891754,
        "cross_correlation": 0.5892202258110046
      }
    },
    {
      "sample_idx": 9,
      "u_metrics": {
        "rmse": 0.08318980038166046,
        "relative_l2": 0.21439269185066223,
        "cross_correlation": 0.5862219929695129
      },
      "a_metrics": {
        "rmse": 0.26385751366615295,
        "relative_l2": 0.22508734464645386,
        "cross_correlation": 0.4489865005016327
      }
    },
    {
      "sample_idx": 10,
      "u_metrics": {
        "rmse": 0.04862157627940178,
        "relative_l2": 0.25586897134780884,
        "cross_correlation": 0.5912824869155884
      },
      "a_metrics": {
        "rmse": 0.16350768506526947,
        "relative_l2": 0.15503157675266266,
        "cross_correlation": 0.508892834186554
      }
    },
    {
      "sample_idx": 11,
      "u_metrics": {
        "rmse": 0.031075365841388702,
        "relative_l2": 0.21277965605258942,
        "cross_correlation": 0.5715178847312927
      },
      "a_metrics": {
        "rmse": 0.12036898732185364,
        "relative_l2": 0.11052992939949036,
        "cross_correlation": 0.5370014309883118
      }
    },
    {
      "sample_idx": 12,
      "u_metrics": {
        "rmse": 0.009751219302415848,
        "relative_l2": 0.47057878971099854,
        "cross_correlation": 0.4675290882587433
      },
      "a_metrics": {
        "rmse": 0.017463326454162598,
        "relative_l2": 0.02570134960114956,
        "cross_correlation": 0.5239219665527344
      }
    },
    {
      "sample_idx": 13,
      "u_metrics": {
        "rmse": 0.007143044378608465,
        "relative_l2": 0.1820627897977829,
        "cross_correlation": 0.5704838037490845
      },
      "a_metrics": {
        "rmse": 0.026044335216283798,
        "relative_l2": 0.025247780606150627,
        "cross_correlation": 0.5218886137008667
      }
    },
    {
      "sample_idx": 14,
      "u_metrics": {
        "rmse": 0.033776335418224335,
        "relative_l2": 0.23415490984916687,
        "cross_correlation": 0.5997827053070068
      },
      "a_metrics": {
        "rmse": 0.21754418313503265,
        "relative_l2": 0.17722435295581818,
        "cross_correlation": 0.5920358300209045
      }
    },
    {
      "sample_idx": 15,
      "u_metrics": {
        "rmse": 0.008648793213069439,
        "relative_l2": 0.39604225754737854,
        "cross_correlation": 0.48324742913246155
      },
      "a_metrics": {
        "rmse": 0.023024767637252808,
        "relative_l2": 0.018346384167671204,
        "cross_correlation": 0.5185939073562622
      }
    },
    {
      "sample_idx": 16,
      "u_metrics": {
        "rmse": 0.0007027855608612299,
        "relative_l2": 0.18766500055789948,
        "cross_correlation": 0.5889986157417297
      },
      "a_metrics": {
        "rmse": 0.005111738573759794,
        "relative_l2": 0.004359894432127476,
        "cross_correlation": 0.5758166909217834
      }
    },
    {
      "sample_idx": 17,
      "u_metrics": {
        "rmse": 0.008437324315309525,
        "relative_l2": 0.3557422459125519,
        "cross_correlation": 0.4201469421386719
      },
      "a_metrics": {
        "rmse": 0.007770220283418894,
        "relative_l2": 0.019569315016269684,
        "cross_correlation": 0.5181340575218201
      }
    },
    {
      "sample_idx": 18,
      "u_metrics": {
        "rmse": 0.0041427211835980415,
        "relative_l2": 0.2752516567707062,
        "cross_correlation": 0.6098074316978455
      },
      "a_metrics": {
        "rmse": 0.038095101714134216,
        "relative_l2": 0.0317724347114563,