{
  "config": {
    "method": "igno",
    "n_obs": 100,
    "obs_sampling": "random",
    "snr_db": null,
    "batch_size": 50,
    "inversion_epochs": 500,
    "loss_weights": {
      "pde": 1.0,
      "data": 50.0
    }
  },
  "n_samples": 50,
  "u_metrics": {
    "rmse": {
      "mean": 0.015240465698298067,
      "std": 0.021238665666035172,
      "min": 0.0005580295110121369,
      "max": 0.08230937272310257
    },
    "relative_l2": {
      "mean": 0.25821782112121583,
      "std": 0.08537529782121105,
      "min": 0.15294626355171204,
      "max": 0.4809991121292114
    },
    "cross_correlation": {
      "mean": 0.5614254754781723,
      "std": 0.06314382233074212,
      "min": 0.4115409553050995,
      "max": 0.6093374490737915
    }
  },
  "a_metrics": {
    "rmse": {
      "mean": 0.049231033402029424,
      "std": 0.07525207195109225,
      "min": 0.0015776284271851182,
      "max": 0.29588955640792847
    },
    "relative_l2": {
      "mean": 0.046916776220314205,
      "std": 0.06918481431862901,
      "min": 0.0014983423752710223,
      "max": 0.2703271210193634
    },
    "cross_correlation": {
      "mean": 0.5634575670957566,
      "std": 0.04915638697476024,
      "min": 0.4567335844039917,
      "max": 0.6861295700073242
    }
  },
  "per_sample": [
    {
      "sample_idx": 0,
      "u_metrics": {
        "rmse": 0.03442636504769325,
        "relative_l2": 0.4809991121292114,
        "cross_correlation": 0.5303001403808594
      },
      "a_metrics": {
        "rmse": 0.018185490742325783,
        "relative_l2": 0.04028277471661568,
        "cross_correlation": 0.5513671040534973
      }
    },
    {
      "sample_idx": 1,
      "u_metrics": {
        "rmse": 0.03544678911566734,
        "relative_l2": 0.36373159289360046,
        "cross_correlation": 0.4630568325519562
      },
      "a_metrics": {
        "rmse": 0.12399011105298996,
        "relative_l2": 0.1599072962999344,
        "cross_correlation": 0.5150850415229797
      }
    },
    {
      "sample_idx": 2,
      "u_metrics": {
        "rmse": 0.057603899389505386,
        "relative_l2": 0.29662594199180603,
        "cross_correlation": 0.580871045589447
      },
      "a_metrics": {
        "rmse": 0.15653863549232483,
        "relative_l2": 0.16998377442359924,
        "cross_correlation": 0.5731955170631409
      }
    },
    {
      "sample_idx": 3,
      "u_metrics": {
        "rmse": 0.003483122680336237,
        "relative_l2": 0.3715746998786926,
        "cross_correlation": 0.5270441770553589
      },
      "a_metrics": {
        "rmse": 0.0052170222625136375,
        "relative_l2": 0.006304730661213398,
        "cross_correlation": 0.5372412800788879
      }
    },
    {
      "sample_idx": 4,
      "u_metrics": {
        "rmse": 0.0012165838852524757,
        "relative_l2": 0.16036580502986908,
        "cross_correlation": 0.6051655411720276
      },
      "a_metrics": {
        "rmse": 0.002727343700826168,
        "relative_l2": 0.0021359960082918406,
        "cross_correlation": 0.6113384962081909
      }
    },
    {
      "sample_idx": 5,
      "u_metrics": {
        "rmse": 0.05939440429210663,
        "relative_l2": 0.21370595693588257,
        "cross_correlation": 0.5957032442092896
      },
      "a_metrics": {
        "rmse": 0.16263601183891296,
        "relative_l2": 0.1404968798160553,
        "cross_correlation": 0.47630468010902405
      }
    },
    {
      "sample_idx": 6,
      "u_metrics": {
        "rmse": 0.0012600570917129517,
        "relative_l2": 0.20548439025878906,
        "cross_correlation": 0.5974428057670593
      },
      "a_metrics": {
        "rmse": 0.007384621072560549,
        "relative_l2": 0.006447412073612213,
        "cross_correlation": 0.6158882975578308
      }
    },
    {
      "sample_idx": 7,
      "u_metrics": {
        "rmse": 0.0015133311972022057,
        "relative_l2": 0.16724133491516113,
        "cross_correlation": 0.6075305938720703
      },
      "a_metrics": {
        "rmse": 0.0027826710138469934,
        "relative_l2": 0.002179322764277458,
        "cross_correlation": 0.6619588732719421
      }
    },
    {
      "sample_idx": 8,
      "u_metrics": {
        "rmse": 0.01971943862736225,
        "relative_l2": 0.29362085461616516,
        "cross_correlation": 0.5878285765647888
      },
      "a_metrics": {
        "rmse": 0.09703830629587173,
        "relative_l2": 0.0849057286977768,
        "cross_correlation": 0.5664005875587463
      }
    },
    {
      "sample_idx": 9,
      "u_metrics": {
        "rmse": 0.0014953771606087685,
        "relative_l2": 0.1583246886730194,
        "cross_correlation": 0.6039664149284363
      },
      "a_metrics": {
        "rmse": 0.0027039994020015,
        "relative_l2": 0.0018101526657119393,
        "cross_correlation": 0.6206486225128174
      }
    },
    {
      "sample_idx": 10,
      "u_metrics": {
        "rmse": 0.002232001395896077,
        "relative_l2": 0.1856543868780136,
        "cross_correlation": 0.5911576747894287
      },
      "a_metrics": {
        "rmse": 0.008939594030380249,
        "relative_l2": 0.008314873091876507,
        "cross_correlation": 0.5374438762664795
      }
    },
    {
      "sample_idx": 11,
      "u_metrics": {
        "rmse": 0.012986397370696068,
        "relative_l2": 0.18606142699718475,
        "cross_correlation": 0.5777139067649841
      },
      "a_metrics": {
        "rmse": 0.0763401985168457,
        "relative_l2": 0.07014012336730957,
        "cross_correlation": 0.5502273440361023
      }
    },
    {
      "sample_idx": 12,
      "u_metrics": {
        "rmse": 0.010008658282458782,
        "relative_l2": 0.469497412443161,
        "cross_correlation": 0.46747368574142456
      },
      "a_metrics": {
        "rmse": 0.006230977829545736,
        "relative_l2": 0.010687470436096191,
        "cross_correlation": 0.5262742638587952
      }
    },
    {
      "sample_idx": 13,
      "u_metrics": {
        "rmse": 0.0010922453366219997,
        "relative_l2": 0.17523720860481262,
        "cross_correlation": 0.5705061554908752
      },
      "a_metrics": {
        "rmse": 0.002488804515451193,
        "relative_l2": 0.002559787593781948,
        "cross_correlation": 0.5179367661476135
      }
    },
    {
      "sample_idx": 14,
      "u_metrics": {
        "rmse": 0.0008178981952369213,
        "relative_l2": 0.1978735774755478,
        "cross_correlation": 0.6025328040122986
      },
      "a_metrics": {
        "rmse": 0.00273764762096107,
        "relative_l2": 0.0024225038941949606,
        "cross_correlation": 0.6487374305725098
      }
    },
    {
      "sample_idx": 15,
      "u_metrics": {
        "rmse": 0.004666135646402836,
        "relative_l2": 0.39537346363067627,
        "cross_correlation": 0.4821219742298126
      },
      "a_metrics": {
        "rmse": 0.005304336082190275,
        "relative_l2": 0.007376468274742365,
        "cross_correlation": 0.5140886902809143
      }
    },
    {
      "sample_idx": 16,
      "u_metrics": {
        "rmse": 0.034180812537670135,
        "relative_l2": 0.23711159825325012,
        "cross_correlation": 0.5903473496437073
      },
      "a_metrics": {
        "rmse": 0.11349326372146606,
        "relative_l2": 0.09734242409467697,
        "cross_correlation": 0.5990376472473145
      }
    },
    {
      "sample_idx": 17,
      "u_metrics": {
        "rmse": 0.013130866922438145,
        "relative_l2": 0.3562435805797577,
        "cross_correlation": 0.42547354102134705
      },
      "a_metrics": {
        "rmse": 0.006323202513158321,
        "relative_l2": 0.013729836791753769,
        "cross_correlation": 0.5180529952049255
      }
    },
    {
      "sample_idx": 18,
      "u_metrics": {
        "rmse": 0.000897432561032474,
        "relative_l2": 0.2735511064529419,
        "cross_correlation": 0.6093374490737915
      },
      "a_metrics": {
        "rmse": 0.005967459175735712,
        "relative_l2": 0.0055252863094210625,